date,increase,decrease,diff,score
2017-09-29,1,0,1,1.0
2017-10-31,0,0,0,NaN
2017-11-12,1,0,1,1.0
2017-11-13,0,0,0,NaN
2017-11-14,1,0,1,1.0
2017-11-20,1,0,1,1.0
2017-11-23,1,0,1,1.0
2017-11-27,0,1,-1,-1.0
2017-11-28,0,1,-1,-1.0
2017-12-01,1,0,1,1.0
2017-12-04,0,0,0,NaN
2017-12-05,1,0,1,1.0
2017-12-08,1,0,1,1.0
2017-12-11,1,0,1,1.0
2017-12-15,0,1,-1,-1.0
2017-12-19,1,1,0,0.0
2017-12-20,1,0,1,1.0
2017-12-21,0,0,0,NaN
2017-12-28,0,1,-1,-1.0
2018-01-02,0,0,0,NaN
2018-01-05,0,1,-1,-1.0
2018-01-10,0,1,-1,-1.0
2018-01-13,0,0,0,NaN
2018-01-21,1,0,1,1.0
2018-01-23,1,0,1,1.0
2018-01-30,1,0,1,1.0
2018-01-31,1,0,1,1.0
2018-02-01,1,0,1,1.0
2018-02-02,1,0,1,1.0
2018-02-05,0,0,0,NaN
2018-02-08,2,0,2,1.0
2018-02-15,1,0,1,1.0
2018-02-16,0,0,0,NaN
2018-02-26,0,0,0,NaN
2018-02-27,1,0,1,1.0
2018-03-09,0,1,-1,-1.0
2018-03-10,1,0,1,1.0
2018-03-19,0,2,-2,-1.0
2018-03-21,1,0,1,1.0
2018-03-22,1,1,0,0.0
2018-03-25,1,0,1,1.0
2018-03-29,1,0,1,1.0
2018-04-03,1,0,1,1.0
2018-04-05,1,0,1,1.0
2018-04-10,0,1,-1,-1.0
2018-04-17,1,0,1,1.0
2018-04-19,1,0,1,1.0
2018-04-24,0,1,-1,-1.0
2018-04-29,0,0,0,NaN
2018-05-02,0,1,-1,-1.0
2018-05-08,0,0,0,NaN
2018-05-14,1,0,1,1.0
2018-05-19,1,0,1,1.0
2018-05-22,0,1,-1,-1.0
2018-06-06,1,1,0,0.0
2018-06-13,1,0,1,1.0
2018-06-15,1,0,1,1.0
2018-06-22,0,1,-1,-1.0
2018-06-26,0,1,-1,-1.0
2018-07-02,2,0,2,1.0
2018-07-03,0,0,0,NaN
2018-07-04,1,0,1,1.0
2018-07-11,1,0,1,1.0
2018-07-13,1,0,1,1.0
2018-07-14,1,0,1,1.0
2018-07-16,1,0,1,1.0
2018-07-17,1,0,1,1.0
2018-07-18,1,0,1,1.0
2018-07-19,2,0,2,1.0
2018-07-20,1,0,1,1.0
2018-07-21,0,1,-1,-1.0
2018-07-24,2,1,1,0.3333333333333333
2018-07-31,1,1,0,0.0
2018-08-01,0,1,-1,-1.0
2018-08-02,1,0,1,1.0
2018-08-09,2,0,2,1.0
2018-08-10,0,1,-1,-1.0
2018-08-17,1,0,1,1.0
2018-08-19,0,0,0,NaN
2018-08-24,1,0,1,1.0
2018-08-25,2,0,2,1.0
2018-08-29,1,0,1,1.0
2018-08-31,1,0,1,1.0
2018-09-04,1,1,0,0.0
2018-09-05,1,1,0,0.0
2018-09-07,1,1,0,0.0
2018-09-10,0,0,0,NaN
2018-09-13,4,0,4,1.0
2018-09-16,2,0,2,1.0
2018-09-17,2,0,2,1.0
2018-09-18,0,0,0,NaN
2018-09-19,1,0,1,1.0
2018-09-24,1,0,1,1.0
2018-09-26,1,0,1,1.0
2018-10-03,1,0,1,1.0
2018-10-06,2,0,2,1.0
2018-10-16,1,0,1,1.0
2018-10-17,1,0,1,1.0
2018-10-19,1,0,1,1.0
2018-10-20,0,0,0,NaN
2018-10-21,1,0,1,1.0
2018-10-24,3,0,3,1.0
2018-10-25,0,0,0,NaN
2018-10-26,0,1,-1,-1.0
2018-10-28,1,0,1,1.0
2018-10-29,0,1,-1,-1.0
2018-10-30,5,0,5,1.0
2018-10-31,2,0,2,1.0
2018-11-05,1,0,1,1.0
2018-11-06,1,0,1,1.0
2018-11-12,1,0,1,1.0
2018-11-14,0,1,-1,-1.0
2018-11-16,1,0,1,1.0
2018-11-17,1,0,1,1.0
2018-11-27,1,0,1,1.0
2018-12-04,1,0,1,1.0
2018-12-12,1,0,1,1.0
2018-12-13,1,0,1,1.0
2019-01-03,1,0,1,1.0
2019-01-04,1,0,1,1.0
2019-01-09,1,0,1,1.0
2019-01-17,0,1,-1,-1.0
2019-01-18,1,0,1,1.0
2019-01-23,0,0,0,NaN
2019-01-28,1,0,1,1.0
2019-01-30,0,0,0,NaN
2019-02-08,1,0,1,1.0
2019-02-19,0,1,-1,-1.0
2019-02-20,1,0,1,1.0
2019-02-22,1,0,1,1.0
2019-02-26,1,0,1,1.0
2019-02-27,1,0,1,1.0
2019-02-28,0,0,0,NaN
2019-03-01,0,1,-1,-1.0
2019-03-03,0,0,0,NaN
2019-03-05,2,0,2,1.0
2019-03-07,1,0,1,1.0
2019-03-10,0,0,0,NaN
2019-03-15,2,0,2,1.0
2019-04-02,0,1,-1,-1.0
2019-04-04,0,1,-1,-1.0
2019-04-06,0,0,0,NaN
2019-04-09,0,1,-1,-1.0
2019-04-13,0,1,-1,-1.0
2019-04-15,2,0,2,1.0
2019-04-27,1,0,1,1.0
2019-04-29,1,0,1,1.0
2019-05-06,0,1,-1,-1.0
2019-05-08,0,0,0,NaN
2019-05-09,1,0,1,1.0
2019-05-10,0,1,-1,-1.0
2019-05-16,0,0,0,NaN
2019-05-21,0,0,0,NaN
2019-05-22,0,0,0,NaN
2019-05-23,0,1,-1,-1.0
2019-05-24,0,1,-1,-1.0
2019-05-26,1,0,1,1.0
2019-05-29,0,0,0,NaN
2019-05-30,1,0,1,1.0
2019-06-03,2,0,2,1.0
2019-06-06,0,1,-1,-1.0
2019-06-14,0,1,-1,-1.0
2019-06-21,1,0,1,1.0
2019-07-19,1,0,1,1.0
2019-08-20,0,0,0,NaN
2019-09-24,0,1,-1,-1.0
2019-10-02,0,1,-1,-1.0
2019-10-08,0,1,-1,-1.0
2019-10-21,1,0,1,1.0
2019-10-30,1,0,1,1.0
2019-11-01,1,0,1,1.0
2019-11-14,1,0,1,1.0
2019-12-11,1,0,1,1.0
2019-12-26,1,0,1,1.0
2020-01-14,1,0,1,1.0
2020-01-17,0,0,0,NaN
2020-01-18,0,1,-1,-1.0
2020-01-27,0,4,-4,-1.0
2020-02-03,1,0,1,1.0
2020-02-06,1,0,1,1.0
2020-02-12,0,1,-1,-1.0
2020-02-14,2,0,2,1.0
2020-03-20,1,0,1,1.0
2020-04-16,0,0,0,NaN
2020-05-14,1,0,1,1.0
2020-06-16,0,1,-1,-1.0
2020-07-11,0,1,-1,-1.0
2020-07-28,1,0,1,1.0
2020-08-09,0,1,-1,-1.0
2020-08-12,1,0,1,1.0
2020-08-16,2,0,2,1.0
2020-08-18,1,0,1,1.0
2020-08-21,0,1,-1,-1.0
2020-09-03,0,1,-1,-1.0
2020-09-05,1,1,0,0.0
2020-11-06,1,0,1,1.0
2020-11-07,0,1,-1,-1.0
2020-11-10,1,1,0,0.0
2020-11-11,1,0,1,1.0
2020-11-13,0,1,-1,-1.0
2020-11-15,1,0,1,1.0
2020-11-16,1,0,1,1.0
2020-11-19,1,0,1,1.0
2020-11-20,2,0,2,1.0
2020-11-21,2,0,2,1.0
2020-11-22,1,0,1,1.0
2020-11-24,1,0,1,1.0
2020-11-30,0,1,-1,-1.0
2020-12-03,1,0,1,1.0
2020-12-04,1,0,1,1.0
2020-12-05,0,1,-1,-1.0
2020-12-09,3,0,3,1.0
2020-12-10,1,0,1,1.0
2020-12-11,0,0,0,NaN
2020-12-12,1,0,1,1.0
2020-12-15,1,0,1,1.0
2020-12-18,1,0,1,1.0
2020-12-19,0,1,-1,-1.0
2020-12-21,0,1,-1,-1.0
2020-12-23,1,0,1,1.0
2020-12-24,1,0,1,1.0
2020-12-25,1,0,1,1.0
2020-12-26,0,1,-1,-1.0
2020-12-28,1,1,0,0.0
2020-12-29,0,1,-1,-1.0
2020-12-31,2,2,0,0.0
2021-01-03,1,0,1,1.0
2021-01-04,2,0,2,1.0
2021-01-05,1,0,1,1.0
2021-01-06,2,0,2,1.0
2021-01-07,1,0,1,1.0
2021-01-09,0,1,-1,-1.0
2021-01-10,1,0,1,1.0
2021-01-11,0,1,-1,-1.0
2021-01-12,2,0,2,1.0
2021-01-13,2,1,1,0.3333333333333333
2021-01-15,4,1,3,0.6
2021-01-16,2,0,2,1.0
2021-01-17,1,0,1,1.0
2021-01-20,0,2,-2,-1.0
2021-01-21,1,3,-2,-0.5
2021-01-22,1,1,0,0.0
2021-01-24,2,0,2,1.0
2021-01-25,1,0,1,1.0
2021-01-27,0,1,-1,-1.0
2021-01-28,5,1,4,0.6666666666666666
2021-01-29,3,1,2,0.5
2021-01-31,1,0,1,1.0
2021-02-01,5,0,5,1.0
2021-02-02,2,0,2,1.0
2021-02-03,0,1,-1,-1.0
2021-02-04,3,1,2,0.5
2021-02-05,4,1,3,0.6
2021-02-06,1,0,1,1.0
2021-02-07,1,0,1,1.0
2021-02-08,3,1,2,0.5
2021-02-09,4,0,4,1.0
2021-02-10,6,1,5,0.7142857142857143
2021-02-11,2,1,1,0.3333333333333333
2021-02-12,1,0,1,1.0
2021-02-13,2,0,2,1.0
2021-02-14,4,0,4,1.0
2021-02-15,3,0,3,1.0
2021-02-16,1,0,1,1.0
2021-02-17,4,0,4,1.0
2021-02-18,1,0,1,1.0
2021-02-19,4,2,2,0.3333333333333333
2021-02-20,2,1,1,0.3333333333333333
2021-02-21,2,1,1,0.3333333333333333
2021-02-22,1,2,-1,-0.3333333333333333
2021-02-23,1,3,-2,-0.5
2021-02-24,3,0,3,1.0
2021-02-25,2,3,-1,-0.2
2021-02-26,3,0,3,1.0
2021-02-27,2,1,1,0.3333333333333333
2021-02-28,0,2,-2,-1.0
2021-03-01,2,2,0,0.0
2021-03-02,5,2,3,0.42857142857142855
2021-03-03,4,0,4,1.0
2021-03-04,1,1,0,0.0
2021-03-05,1,1,0,0.0
2021-03-06,1,0,1,1.0
2021-03-07,3,1,2,0.5
2021-03-08,0,1,-1,-1.0
2021-03-09,1,1,0,0.0
2021-03-10,0,0,0,NaN
2021-03-11,1,0,1,1.0
2021-03-12,3,1,2,0.5
2021-03-13,1,0,1,1.0
2021-03-14,2,0,2,1.0
2021-03-15,1,2,-1,-0.3333333333333333
2021-03-16,4,1,3,0.6
2021-03-17,9,1,8,0.8
2021-03-19,3,1,2,0.5
2021-03-20,4,3,1,0.14285714285714285
2021-03-21,4,1,3,0.6
2021-03-22,1,1,0,0.0
2021-03-23,2,1,1,0.3333333333333333
2021-03-24,3,1,2,0.5
2021-03-25,6,2,4,0.5
2021-03-26,3,1,2,0.5
2021-03-28,3,1,2,0.5
2021-03-29,6,1,5,0.7142857142857143
2021-03-30,4,1,3,0.6
2021-03-31,5,1,4,0.6666666666666666
2021-04-01,2,1,1,0.3333333333333333
2021-04-02,4,0,4,1.0
2021-04-03,1,1,0,0.0
2021-04-04,0,0,0,NaN
2021-04-05,2,1,1,0.3333333333333333
2021-04-06,5,1,4,0.6666666666666666
2021-04-07,3,0,3,1.0
2021-04-08,8,0,8,1.0
2021-04-09,6,0,6,1.0
2021-04-10,2,0,2,1.0
2021-04-11,2,0,2,1.0
2021-04-12,6,1,5,0.7142857142857143
2021-04-13,3,0,3,1.0
2021-04-14,4,1,3,0.6
2021-04-15,3,2,1,0.2
2021-04-16,3,1,2,0.5
2021-04-17,2,2,0,0.0
2021-04-18,1,4,-3,-0.6
2021-04-19,8,2,6,0.6
2021-04-20,10,1,9,0.8181818181818182
2021-04-21,3,0,3,1.0
2021-04-22,6,3,3,0.3333333333333333
2021-04-23,3,3,0,0.0
2021-04-24,4,0,4,1.0
2021-04-25,1,1,0,0.0
2021-04-26,5,1,4,0.6666666666666666
2021-04-27,2,2,0,0.0
2021-04-28,7,2,5,0.5555555555555556
2021-04-29,4,2,2,0.3333333333333333
2021-04-30,3,1,2,0.5
2021-05-01,5,0,5,1.0
2021-05-02,1,0,1,1.0
2021-05-03,3,0,3,1.0
2021-05-04,2,1,1,0.3333333333333333
2021-05-05,6,1,5,0.7142857142857143
2021-05-06,4,0,4,1.0
2021-05-07,7,0,7,1.0
2021-05-08,1,0,1,1.0
2021-05-09,5,2,3,0.42857142857142855
2021-05-10,6,1,5,0.7142857142857143
2021-05-11,6,4,2,0.2
2021-05-12,2,2,0,0.0
2021-05-13,5,1,4,0.6666666666666666
2021-05-14,5,3,2,0.25
2021-05-15,4,5,-1,-0.1111111111111111
2021-05-16,3,8,-5,-0.45454545454545453
2021-05-17,1,3,-2,-0.5
2021-05-18,3,3,0,0.0
2021-05-19,3,2,1,0.2
2021-05-20,1,2,-1,-0.3333333333333333
2021-05-21,3,1,2,0.5
2021-05-22,1,0,1,1.0
2021-05-23,1,5,-4,-0.6666666666666666
2021-05-24,3,2,1,0.2
2021-05-25,3,0,3,1.0
2021-05-26,6,1,5,0.7142857142857143
2021-05-27,4,1,3,0.6
2021-05-28,2,2,0,0.0
2021-05-29,4,1,3,0.6
2021-05-30,5,1,4,0.6666666666666666
2021-05-31,4,2,2,0.3333333333333333
2021-06-01,6,1,5,0.7142857142857143
2021-06-02,7,1,6,0.75
2021-06-03,5,1,4,0.6666666666666666
2021-06-04,5,5,0,0.0
2021-06-05,5,2,3,0.42857142857142855
2021-06-06,3,1,2,0.5
2021-06-07,6,0,6,1.0
2021-06-08,9,6,3,0.2
2021-06-09,2,1,1,0.3333333333333333
2021-06-10,2,0,2,1.0
2021-06-11,3,2,1,0.2
2021-06-12,2,1,1,0.3333333333333333
2021-06-13,4,1,3,0.6
2021-06-14,3,2,1,0.2
2021-06-15,2,1,1,0.3333333333333333
2021-06-16,3,1,2,0.5
2021-06-17,4,0,4,1.0
2021-06-18,3,2,1,0.2
2021-06-19,0,2,-2,-1.0
2021-06-20,3,1,2,0.5
2021-06-21,1,3,-2,-0.5
2021-06-22,1,5,-4,-0.6666666666666666
2021-06-23,6,1,5,0.7142857142857143
2021-06-24,2,3,-1,-0.2
2021-06-25,2,2,0,0.0
2021-06-26,2,2,0,0.0
2021-06-27,1,1,0,0.0
2021-06-28,6,1,5,0.7142857142857143
2021-06-29,6,3,3,0.3333333333333333
2021-06-30,3,3,0,0.0
2021-07-01,1,3,-2,-0.5
2021-07-02,5,1,4,0.6666666666666666
2021-07-03,2,1,1,0.3333333333333333
2021-07-04,3,1,2,0.5
2021-07-05,2,0,2,1.0
2021-07-06,2,1,1,0.3333333333333333
2021-07-07,2,1,1,0.3333333333333333
2021-07-08,1,2,-1,-0.3333333333333333
2021-07-09,5,3,2,0.25
2021-07-10,5,2,3,0.42857142857142855
2021-07-11,1,2,-1,-0.3333333333333333
2021-07-12,1,1,0,0.0
2021-07-14,0,1,-1,-1.0
2021-07-15,0,0,0,NaN
2021-07-16,2,1,1,0.3333333333333333
2021-07-17,0,1,-1,-1.0
2021-07-18,1,1,0,0.0
2021-07-19,1,1,0,0.0
2021-07-20,1,3,-2,-0.5
2021-07-21,3,0,3,1.0
2021-07-22,7,1,6,0.75
2021-07-23,2,0,2,1.0
2021-07-24,3,1,2,0.5
2021-07-25,5,0,5,1.0
2021-07-26,5,1,4,0.6666666666666666
2021-07-27,1,2,-1,-0.3333333333333333
2021-07-28,4,0,4,1.0
2021-07-29,1,0,1,1.0
2021-07-30,0,0,0,NaN
2021-08-01,3,0,3,1.0
2021-08-02,1,0,1,1.0
2021-08-03,3,3,0,0.0
2021-08-04,3,5,-2,-0.25
2021-08-05,1,2,-1,-0.3333333333333333
2021-08-06,3,1,2,0.5
2021-08-07,2,1,1,0.3333333333333333
2021-08-08,4,0,4,1.0
2021-08-09,3,1,2,0.5
2021-08-10,1,0,1,1.0
2021-08-11,5,0,5,1.0
2021-08-12,2,0,2,1.0
2021-08-13,1,0,1,1.0
2021-08-14,0,2,-2,-1.0
2021-08-15,3,0,3,1.0
2021-08-16,3,2,1,0.2
2021-08-17,2,1,1,0.3333333333333333
2021-08-18,5,3,2,0.25
2021-08-19,4,4,0,0.0
2021-08-20,4,2,2,0.3333333333333333
2021-08-21,2,0,2,1.0
2021-08-22,2,5,-3,-0.42857142857142855
2021-08-23,14,2,12,0.75
2021-08-24,4,2,2,0.3333333333333333
2021-08-25,13,4,9,0.5294117647058824
2021-08-26,1,2,-1,-0.3333333333333333
2021-08-27,5,1,4,0.6666666666666666
2021-08-28,7,1,6,0.75
2021-08-29,6,2,4,0.5
2021-08-30,1,3,-2,-0.5
2021-08-31,2,2,0,0.0
2021-09-01,2,1,1,0.3333333333333333
2021-09-02,4,1,3,0.6
2021-09-03,4,1,3,0.6
2021-09-04,3,1,2,0.5
2021-09-05,2,2,0,0.0
2021-09-06,4,1,3,0.6
2021-09-07,6,13,-7,-0.3684210526315789
2021-09-08,6,5,1,0.09090909090909091
2021-09-09,3,2,1,0.2
2021-09-10,3,5,-2,-0.25
2021-09-11,4,1,3,0.6
2021-09-12,3,1,2,0.5
2021-09-13,1,5,-4,-0.6666666666666666
2021-09-14,5,3,2,0.25
2021-09-15,6,7,-1,-0.07692307692307693
2021-09-16,6,2,4,0.5
2021-09-17,2,2,0,0.0
2021-09-18,3,0,3,1.0
2021-09-19,3,6,-3,-0.3333333333333333
2021-09-20,6,9,-3,-0.2
2021-09-21,7,6,1,0.07692307692307693
2021-09-22,5,2,3,0.42857142857142855
2021-09-23,5,5,0,0.0
2021-09-24,5,14,-9,-0.47368421052631576
2021-09-25,2,3,-1,-0.2
2021-09-26,7,1,6,0.75
2021-09-27,4,3,1,0.14285714285714285
2021-09-28,2,8,-6,-0.6
2021-09-29,4,4,0,0.0
2021-09-30,7,0,7,1.0
2021-10-01,9,3,6,0.5
2021-10-02,4,1,3,0.6
2021-10-03,8,1,7,0.7777777777777778
2021-10-04,4,1,3,0.6
2021-10-05,4,1,3,0.6
2021-10-06,4,2,2,0.3333333333333333
2021-10-07,5,3,2,0.25
2021-10-08,7,1,6,0.75
2021-10-09,2,1,1,0.3333333333333333
2021-10-10,4,0,4,1.0
2021-10-11,0,1,-1,-1.0
2021-10-12,8,2,6,0.6
2021-10-13,5,5,0,0.0
2021-10-14,5,3,2,0.25
2021-10-15,2,2,0,0.0
2021-10-16,2,1,1,0.3333333333333333
2021-10-17,3,1,2,0.5
2021-10-18,5,1,4,0.6666666666666666
2021-10-19,3,2,1,0.2
2021-10-20,3,0,3,1.0
2021-10-21,1,8,-7,-0.7777777777777778
2021-10-22,2,2,0,0.0
2021-10-23,1,1,0,0.0
2021-10-24,3,0,3,1.0
2021-10-25,2,0,2,1.0
2021-10-26,4,0,4,1.0
2021-10-27,7,5,2,0.16666666666666666
2021-10-28,5,5,0,0.0
2021-10-29,2,1,1,0.3333333333333333
2021-10-30,0,0,0,NaN
2021-10-31,3,2,1,0.2
2021-11-01,5,1,4,0.6666666666666666
2021-11-02,4,1,3,0.6
2021-11-03,1,1,0,0.0
2021-11-04,8,0,8,1.0
2021-11-05,3,0,3,1.0
2021-11-06,3,2,1,0.2
2021-11-07,4,0,4,1.0
2021-11-08,5,2,3,0.42857142857142855
2021-11-09,7,3,4,0.4
2021-11-10,4,2,2,0.3333333333333333
2021-11-11,4,6,-2,-0.2
2021-11-12,5,10,-5,-0.3333333333333333
2021-11-13,3,1,2,0.5
2021-11-14,8,0,8,1.0
2021-11-15,6,1,5,0.7142857142857143
2021-11-16,1,7,-6,-0.75
2021-11-17,5,4,1,0.1111111111111111
2021-11-18,3,1,2,0.5
2021-11-19,3,0,3,1.0
2021-11-20,3,2,1,0.2
2021-11-21,5,1,4,0.6666666666666666
2021-11-22,5,1,4,0.6666666666666666
2021-11-24,3,2,1,0.2
2021-11-25,2,2,0,0.0
2021-11-26,3,5,-2,-0.25
2021-11-27,2,1,1,0.3333333333333333
2021-11-28,3,3,0,0.0
2021-11-29,4,1,3,0.6
2021-11-30,9,3,6,0.5
2021-12-01,5,0,5,1.0
2021-12-02,5,8,-3,-0.23076923076923078
2021-12-03,6,7,-1,-0.07692307692307693
2021-12-04,10,8,2,0.1111111111111111
2021-12-05,8,7,1,0.06666666666666667
2021-12-06,5,6,-1,-0.09090909090909091
2021-12-07,6,2,4,0.5
2021-12-08,4,3,1,0.14285714285714285
2021-12-09,6,2,4,0.5
2021-12-10,3,8,-5,-0.45454545454545453
2021-12-11,1,1,0,0.0
2021-12-12,3,4,-1,-0.14285714285714285
2021-12-13,6,2,4,0.5
2021-12-14,8,3,5,0.45454545454545453
2021-12-15,6,2,4,0.5
2021-12-16,7,2,5,0.5555555555555556
2021-12-17,6,4,2,0.2
2021-12-18,6,2,4,0.5
2021-12-19,4,0,4,1.0
2021-12-20,6,3,3,0.3333333333333333
2021-12-21,10,2,8,0.6666666666666666
2021-12-22,6,0,6,1.0
2021-12-23,5,2,3,0.42857142857142855
2021-12-24,8,1,7,0.7777777777777778
2021-12-25,10,0,10,1.0
2021-12-26,6,1,5,0.7142857142857143
2021-12-27,11,5,6,0.375
2021-12-28,2,6,-4,-0.5
2021-12-29,6,7,-1,-0.07692307692307693
2021-12-30,4,3,1,0.14285714285714285
2021-12-31,5,1,4,0.6666666666666666
2022-01-01,2,3,-1,-0.2
2022-01-02,3,0,3,1.0
2022-01-03,3,4,-1,-0.14285714285714285
2022-01-04,7,9,-2,-0.125
2022-01-05,4,8,-4,-0.3333333333333333
2022-01-06,1,3,-2,-0.5
2022-01-07,5,10,-5,-0.3333333333333333
2022-01-08,4,2,2,0.3333333333333333
2022-01-09,3,3,0,0.0
2022-01-10,3,4,-1,-0.14285714285714285
2022-01-11,5,3,2,0.25
2022-01-12,7,3,4,0.4
2022-01-13,11,2,9,0.6923076923076923
2022-01-14,9,3,6,0.5
2022-01-15,4,0,4,1.0
2022-01-16,7,1,6,0.75
2022-01-17,9,5,4,0.2857142857142857
2022-01-18,5,4,1,0.1111111111111111
2022-01-19,11,3,8,0.5714285714285714
2022-01-20,3,6,-3,-0.3333333333333333
2022-01-21,9,18,-9,-0.3333333333333333
2022-01-22,5,6,-1,-0.09090909090909091
2022-01-23,7,1,6,0.75
2022-01-24,6,11,-5,-0.29411764705882354
2022-01-25,11,6,5,0.29411764705882354
2022-01-26,8,2,6,0.6
2022-01-27,5,7,-2,-0.16666666666666666
2022-01-28,6,9,-3,-0.2
2022-01-29,6,1,5,0.7142857142857143
2022-01-30,8,0,8,1.0
2022-01-31,7,7,0,0.0
2022-02-01,6,2,4,0.5
2022-02-02,8,4,4,0.3333333333333333
2022-02-03,4,10,-6,-0.42857142857142855
2022-02-04,7,3,4,0.4
2022-02-05,4,1,3,0.6
2022-02-06,7,0,7,1.0
2022-02-07,12,1,11,0.8461538461538461
2022-02-08,11,2,9,0.6923076923076923
2022-02-09,8,0,8,1.0
2022-02-10,10,3,7,0.5384615384615384
2022-02-11,3,4,-1,-0.14285714285714285
2022-02-12,1,2,-1,-0.3333333333333333
2022-02-13,4,2,2,0.3333333333333333
2022-02-14,9,5,4,0.2857142857142857
2022-02-15,8,2,6,0.6
2022-02-16,7,5,2,0.16666666666666666
2022-02-17,5,6,-1,-0.09090909090909091
2022-02-18,6,7,-1,-0.07692307692307693
2022-02-19,2,3,-1,-0.2
2022-02-20,2,2,0,0.0
2022-02-21,6,7,-1,-0.07692307692307693
2022-02-22,8,12,-4,-0.2
2022-02-23,7,3,4,0.4
2022-02-24,2,12,-10,-0.7142857142857143
2022-02-25,4,2,2,0.3333333333333333
2022-02-26,6,1,5,0.7142857142857143
2022-02-27,6,1,5,0.7142857142857143
2022-02-28,8,0,8,1.0
2022-03-01,9,3,6,0.5
2022-03-02,6,4,2,0.2
2022-03-03,10,6,4,0.25
2022-03-04,7,9,-2,-0.125
2022-03-05,6,7,-1,-0.07692307692307693
2022-03-06,6,4,2,0.2
2022-03-07,6,6,0,0.0
2022-03-08,4,3,1,0.14285714285714285
2022-03-09,13,2,11,0.7333333333333333
2022-03-10,5,3,2,0.25
2022-03-11,9,10,-1,-0.05263157894736842
2022-03-12,2,1,1,0.3333333333333333
2022-03-13,7,3,4,0.4
2022-03-14,16,8,8,0.3333333333333333
2022-03-15,11,3,8,0.5714285714285714
2022-03-16,15,3,12,0.6666666666666666
2022-03-17,14,1,13,0.8666666666666667
2022-03-18,8,1,7,0.7777777777777778
2022-03-19,4,2,2,0.3333333333333333
2022-03-20,8,2,6,0.6
2022-03-21,17,5,12,0.5454545454545454
2022-03-22,16,1,15,0.8823529411764706
2022-03-23,20,6,14,0.5384615384615384
2022-03-24,35,5,30,0.75
2022-03-25,18,2,16,0.8
2022-03-26,13,1,12,0.8571428571428571
2022-03-27,19,0,19,1.0
2022-03-28,27,5,22,0.6875
2022-03-29,22,3,19,0.76
2022-03-30,13,1,12,0.8571428571428571
2022-03-31,11,4,7,0.4666666666666667
2022-04-01,16,8,8,0.3333333333333333
2022-04-02,12,1,11,0.8461538461538461
2022-04-03,9,1,8,0.8
2022-04-04,12,2,10,0.7142857142857143
2022-04-05,17,3,14,0.7
2022-04-06,12,5,7,0.4117647058823529
2022-04-07,29,7,22,0.6111111111111112
2022-04-08,31,4,27,0.7714285714285715
2022-04-09,10,2,8,0.6666666666666666
2022-04-10,14,2,12,0.75
2022-04-11,12,15,-3,-0.1111111111111111
2022-04-12,10,5,5,0.3333333333333333
2022-04-13,12,6,6,0.3333333333333333
2022-04-14,18,2,16,0.8
2022-04-15,12,3,9,0.6
2022-04-16,12,1,11,0.8461538461538461
2022-04-17,11,1,10,0.8333333333333334
2022-04-18,8,5,3,0.23076923076923078
2022-04-19,11,3,8,0.5714285714285714
2022-04-20,10,3,7,0.5384615384615384
2022-04-21,16,5,11,0.5238095238095238
2022-04-22,10,8,2,0.1111111111111111
2022-04-23,4,4,0,0.0
2022-04-24,10,2,8,0.6666666666666666
2022-04-25,13,5,8,0.4444444444444444
2022-04-26,21,3,18,0.75
2022-04-27,24,4,20,0.7142857142857143
2022-04-28,19,7,12,0.46153846153846156
2022-04-29,7,6,1,0.07692307692307693
2022-04-30,9,4,5,0.38461538461538464
2022-05-01,7,7,0,0.0
2022-05-02,17,3,14,0.7
2022-05-03,12,3,9,0.6
2022-05-04,19,3,16,0.7272727272727273
2022-05-05,19,13,6,0.1875
2022-05-06,11,11,0,0.0
2022-05-07,7,7,0,0.0
2022-05-08,8,3,5,0.45454545454545453
2022-05-09,18,25,-7,-0.16279069767441862
2022-05-10,19,4,15,0.6521739130434783
2022-05-11,10,12,-2,-0.09090909090909091
2022-05-12,20,14,6,0.17647058823529413
2022-05-13,21,3,18,0.75
2022-05-14,11,8,3,0.15789473684210525
2022-05-15,12,3,9,0.6
2022-05-16,18,10,8,0.2857142857142857
2022-05-17,16,7,9,0.391304347826087
2022-05-18,15,8,7,0.30434782608695654
2022-05-19,15,8,7,0.30434782608695654
2022-05-20,15,7,8,0.36363636363636365
2022-05-21,7,6,1,0.07692307692307693
2022-05-22,12,3,9,0.6
2022-05-23,24,9,15,0.45454545454545453
2022-05-24,23,10,13,0.3939393939393939
2022-05-25,22,5,17,0.6296296296296297
2022-05-26,21,8,13,0.4482758620689655
2022-05-27,17,6,11,0.4782608695652174
2022-05-28,9,8,1,0.058823529411764705
2022-05-29,10,5,5,0.3333333333333333
2022-05-30,19,11,8,0.26666666666666666
2022-05-31,19,3,16,0.7272727272727273
2022-06-01,23,5,18,0.6428571428571429
2022-06-02,17,7,10,0.4166666666666667
2022-06-03,11,11,0,0.0
2022-06-04,8,10,-2,-0.1111111111111111
2022-06-05,14,8,6,0.2727272727272727
2022-06-06,28,6,22,0.6470588235294118
2022-06-07,68,24,44,0.4782608695652174
2022-06-08,56,27,29,0.3493975903614458
2022-06-09,23,4,19,0.7037037037037037
2022-06-10,0,1,-1,-1.0
2022-06-11,0,1,-1,-1.0
2022-06-12,1,0,1,1.0
2022-06-14,2,1,1,0.3333333333333333
2022-06-15,2,0,2,1.0
2022-06-16,1,2,-1,-0.3333333333333333
2022-06-17,1,0,1,1.0
2022-06-18,1,1,0,0.0
2022-06-19,2,3,-1,-0.2
2022-06-20,4,2,2,0.3333333333333333
2022-06-21,2,1,1,0.3333333333333333
2022-06-22,2,0,2,1.0
2022-06-23,3,0,3,1.0
2022-06-24,5,0,5,1.0
2022-06-25,1,0,1,1.0
2022-06-27,3,2,1,0.2
2022-06-28,2,3,-1,-0.2
2022-06-29,2,3,-1,-0.2
2022-06-30,2,1,1,0.3333333333333333
2022-07-01,1,0,1,1.0
2022-07-02,1,0,1,1.0
2022-07-03,1,3,-2,-0.5
2022-07-04,2,0,2,1.0
2022-07-05,2,2,0,0.0
2022-07-06,1,2,-1,-0.3333333333333333
2022-07-07,0,3,-3,-1.0
2022-07-09,0,1,-1,-1.0
2022-07-10,1,0,1,1.0
2022-07-11,2,1,1,0.3333333333333333
2022-07-12,0,2,-2,-1.0
2022-07-13,1,1,0,0.0
2022-07-14,1,1,0,0.0
2022-07-15,3,0,3,1.0
2022-07-16,2,1,1,0.3333333333333333
2022-07-18,2,0,2,1.0
2022-07-19,3,0,3,1.0
2022-07-20,0,3,-3,-1.0
2022-07-21,0,4,-4,-1.0
2022-07-22,2,0,2,1.0
2022-07-23,1,1,0,0.0
2022-07-24,1,2,-1,-0.3333333333333333
2022-07-25,1,1,0,0.0
2022-07-26,2,1,1,0.3333333333333333
2022-07-27,2,0,2,1.0
2022-07-28,2,0,2,1.0
2022-07-29,1,0,1,1.0
2022-07-30,3,0,3,1.0
2022-07-31,1,0,1,1.0
2022-08-01,1,0,1,1.0
2022-08-02,2,0,2,1.0
2022-08-03,2,1,1,0.3333333333333333
2022-08-04,1,1,0,0.0
2022-08-05,2,0,2,1.0
2022-08-06,1,0,1,1.0
2022-08-07,1,1,0,0.0
2022-08-08,3,0,3,1.0
2022-08-09,3,3,0,0.0
2022-08-10,1,1,0,0.0
2022-08-11,3,0,3,1.0
2022-08-12,0,1,-1,-1.0
2022-08-13,0,1,-1,-1.0
2022-08-14,1,1,0,0.0
2022-08-15,2,0,2,1.0
2022-08-16,8,1,7,0.7777777777777778
2022-08-17,1,1,0,0.0
2022-08-18,3,2,1,0.2
2022-08-19,0,3,-3,-1.0
2022-08-20,3,0,3,1.0
2022-08-21,1,1,0,0.0
2022-08-22,1,1,0,0.0
2022-08-23,1,1,0,0.0
2022-08-24,2,0,2,1.0
2022-08-25,2,0,2,1.0
2022-08-26,0,0,0,NaN
2022-08-27,3,1,2,0.5
2022-08-28,0,2,-2,-1.0
2022-08-29,1,1,0,0.0
2022-08-31,2,0,2,1.0
2022-09-02,0,2,-2,-1.0
2022-09-04,2,0,2,1.0
2022-09-07,3,0,3,1.0
2022-09-08,0,1,-1,-1.0
2022-09-09,3,0,3,1.0
2022-09-10,2,2,0,0.0
2022-09-11,1,0,1,1.0
2022-09-12,3,0,3,1.0
2022-09-13,1,1,0,0.0
2022-09-14,2,0,2,1.0
2022-09-15,2,1,1,0.3333333333333333
2022-09-16,1,2,-1,-0.3333333333333333
2022-09-18,2,0,2,1.0
2022-09-19,1,1,0,0.0
2022-09-20,0,2,-2,-1.0
2022-09-21,4,0,4,1.0
2022-09-22,1,0,1,1.0
2022-09-23,5,0,5,1.0
2022-09-24,1,0,1,1.0
2022-09-25,0,1,-1,-1.0
2022-09-26,0,1,-1,-1.0
2022-09-27,3,2,1,0.2
2022-09-28,0,1,-1,-1.0
2022-09-29,0,0,0,NaN
2022-09-30,1,0,1,1.0
2022-10-01,2,1,1,0.3333333333333333
2022-10-02,2,0,2,1.0
2022-10-03,1,1,0,0.0
2022-10-04,2,2,0,0.0
2022-10-05,0,0,0,NaN
2022-10-06,1,0,1,1.0
2022-10-07,3,1,2,0.5
2022-10-08,1,0,1,1.0
2022-10-09,3,2,1,0.2
2022-10-10,4,0,4,1.0
2022-10-11,1,1,0,0.0
2022-10-12,0,1,-1,-1.0
2022-10-13,2,0,2,1.0
2022-10-14,0,1,-1,-1.0
2022-10-16,2,2,0,0.0
2022-10-17,2,1,1,0.3333333333333333
2022-10-19,1,0,1,1.0
2022-10-20,0,0,0,NaN
2022-10-21,1,0,1,1.0
2022-10-23,2,0,2,1.0
2022-10-24,0,1,-1,-1.0
2022-10-25,1,0,1,1.0
2022-10-26,1,0,1,1.0
2022-10-27,5,0,5,1.0
2022-10-28,0,1,-1,-1.0
2022-10-29,2,0,2,1.0
2022-10-30,2,0,2,1.0
2022-10-31,2,1,1,0.3333333333333333
2022-11-01,1,0,1,1.0
2022-11-02,3,1,2,0.5
2022-11-03,2,1,1,0.3333333333333333
2022-11-04,1,1,0,0.0
2022-11-07,2,0,2,1.0
2022-11-08,2,5,-3,-0.42857142857142855
2022-11-09,3,3,0,0.0
2022-11-10,1,2,-1,-0.3333333333333333
2022-11-11,2,3,-1,-0.2
2022-11-12,3,0,3,1.0
2022-11-13,1,4,-3,-0.6
2022-11-14,5,1,4,0.6666666666666666
2022-11-15,1,0,1,1.0
2022-11-16,1,1,0,0.0
2022-11-17,0,2,-2,-1.0
2022-11-18,2,3,-1,-0.2
2022-11-19,1,2,-1,-0.3333333333333333
2022-11-20,1,4,-3,-0.6
2022-11-21,4,3,1,0.14285714285714285
2022-11-22,2,2,0,0.0
2022-11-23,1,2,-1,-0.3333333333333333
2022-11-24,3,1,2,0.5
2022-11-25,3,2,1,0.2
2022-11-26,1,1,0,0.0
2022-11-27,1,1,0,0.0
2022-11-28,0,3,-3,-1.0
2022-11-29,3,1,2,0.5
2022-11-30,2,0,2,1.0
2022-12-01,2,1,1,0.3333333333333333
2022-12-05,3,0,3,1.0
2022-12-06,1,2,-1,-0.3333333333333333
2022-12-07,1,1,0,0.0
2022-12-08,2,0,2,1.0
2022-12-09,1,0,1,1.0
2022-12-10,1,1,0,0.0
2022-12-11,0,1,-1,-1.0
2022-12-12,2,0,2,1.0
2022-12-13,0,2,-2,-1.0
2022-12-15,5,0,5,1.0
2022-12-16,1,3,-2,-0.5
2022-12-17,1,1,0,0.0
2022-12-18,2,0,2,1.0
2022-12-19,1,0,1,1.0
2022-12-20,0,0,0,NaN
2022-12-21,0,1,-1,-1.0
2022-12-22,2,0,2,1.0
2022-12-23,1,1,0,0.0
2022-12-24,2,0,2,1.0
2022-12-25,1,2,-1,-0.3333333333333333
2022-12-29,0,1,-1,-1.0
2023-01-01,0,0,0,NaN
2023-01-02,0,1,-1,-1.0
2023-01-03,1,0,1,1.0
2023-01-05,1,0,1,1.0
2023-01-06,1,1,0,0.0
2023-01-08,0,0,0,NaN
2023-01-09,2,1,1,0.3333333333333333
2023-01-12,1,0,1,1.0
2023-01-14,3,0,3,1.0
2023-01-15,1,1,0,0.0
2023-01-16,2,0,2,1.0
2023-01-17,0,0,0,NaN
2023-01-18,0,1,-1,-1.0
2023-01-19,0,1,-1,-1.0
2023-01-20,2,1,1,0.3333333333333333
2023-01-21,2,1,1,0.3333333333333333
2023-01-22,0,0,0,NaN
2023-01-23,2,0,2,1.0
2023-01-24,0,1,-1,-1.0
2023-01-25,1,1,0,0.0
2023-01-26,2,1,1,0.3333333333333333
2023-01-27,0,1,-1,-1.0
2023-02-01,0,0,0,NaN
2023-02-03,2,1,1,0.3333333333333333
2023-02-04,0,1,-1,-1.0
2023-02-05,3,0,3,1.0
2023-02-06,1,1,0,0.0
2023-02-07,2,1,1,0.3333333333333333
2023-02-08,0,1,-1,-1.0
2023-02-09,0,1,-1,-1.0
2023-02-11,2,1,1,0.3333333333333333
2023-02-12,1,0,1,1.0
2023-02-13,1,1,0,0.0
2023-02-14,0,1,-1,-1.0
2023-02-15,2,1,1,0.3333333333333333
2023-02-16,2,0,2,1.0
2023-02-17,1,0,1,1.0
2023-02-18,1,0,1,1.0
2023-02-19,0,1,-1,-1.0
2023-02-20,1,1,0,0.0
2023-02-21,0,0,0,NaN
2023-02-23,1,0,1,1.0
2023-02-26,1,0,1,1.0
2023-02-27,2,0,2,1.0
2023-02-28,1,0,1,1.0
2023-03-02,1,0,1,1.0
2023-03-04,1,0,1,1.0
2023-03-05,0,2,-2,-1.0
2023-03-06,1,0,1,1.0
2023-03-07,0,1,-1,-1.0
2023-03-08,0,1,-1,-1.0
2023-03-09,3,1,2,0.5
2023-03-10,0,3,-3,-1.0
2023-03-11,1,0,1,1.0
2023-03-12,1,0,1,1.0
2023-03-13,2,1,1,0.3333333333333333
2023-03-15,1,0,1,1.0
2023-03-18,0,1,-1,-1.0
2023-03-20,2,0,2,1.0
2023-03-21,1,0,1,1.0
2023-03-22,3,1,2,0.5
2023-03-23,3,1,2,0.5
2023-03-24,2,1,1,0.3333333333333333
2023-03-26,1,0,1,1.0
2023-03-27,1,1,0,0.0
2023-03-29,1,0,1,1.0
2023-03-31,1,0,1,1.0
2023-04-01,1,0,1,1.0
2023-04-03,0,0,0,NaN
2023-04-05,1,0,1,1.0
2023-04-07,1,0,1,1.0
2023-04-09,1,0,1,1.0
2023-04-10,1,0,1,1.0
2023-04-11,1,0,1,1.0
2023-04-13,0,1,-1,-1.0
2023-04-14,1,0,1,1.0
2023-04-16,2,0,2,1.0
2023-04-17,0,1,-1,-1.0
2023-04-18,2,1,1,0.3333333333333333
2023-04-19,1,0,1,1.0
2023-04-21,1,0,1,1.0
2023-04-22,1,0,1,1.0
2023-04-23,1,1,0,0.0
2023-04-24,1,0,1,1.0
2023-04-27,1,0,1,1.0
2023-04-28,2,0,2,1.0
2023-04-29,1,0,1,1.0
2023-04-30,3,0,3,1.0
2023-05-01,2,0,2,1.0
2023-05-02,0,1,-1,-1.0
2023-05-03,4,1,3,0.6
2023-05-04,2,0,2,1.0
2023-05-05,2,0,2,1.0
2023-05-06,0,0,0,NaN
2023-05-07,1,0,1,1.0
2023-05-09,1,0,1,1.0
2023-05-10,1,2,-1,-0.3333333333333333
2023-05-11,1,0,1,1.0
2023-05-12,1,1,0,0.0
2023-05-14,1,0,1,1.0
2023-05-15,1,3,-2,-0.5
2023-05-16,1,0,1,1.0
2023-05-17,4,0,4,1.0
2023-05-19,1,0,1,1.0
2023-05-20,1,0,1,1.0
2023-05-21,0,1,-1,-1.0
2023-05-23,2,1,1,0.3333333333333333
2023-05-24,2,0,2,1.0
2023-05-25,0,2,-2,-1.0
2023-05-26,3,0,3,1.0
2023-05-28,2,1,1,0.3333333333333333
2023-05-29,3,0,3,1.0
2023-05-30,2,1,1,0.3333333333333333
2023-05-31,2,2,0,0.0
2023-06-01,1,0,1,1.0
2023-06-02,2,0,2,1.0
2023-06-03,1,0,1,1.0
2023-06-04,5,0,5,1.0
2023-06-06,2,1,1,0.3333333333333333
2023-06-07,2,1,1,0.3333333333333333
2023-06-08,4,0,4,1.0
2023-06-09,1,0,1,1.0
2023-06-11,2,0,2,1.0
2023-06-12,2,1,1,0.3333333333333333
2023-06-13,0,1,-1,-1.0
2023-06-14,2,0,2,1.0
2023-06-15,5,3,2,0.25
2023-06-16,2,1,1,0.3333333333333333
2023-06-17,2,0,2,1.0
2023-06-18,3,0,3,1.0
2023-06-19,1,1,0,0.0
2023-06-20,7,0,7,1.0
2023-06-21,9,1,8,0.8
2023-06-22,12,1,11,0.8461538461538461
2023-06-23,11,1,10,0.8333333333333334
2023-06-24,6,2,4,0.5
2023-06-25,4,0,4,1.0
2023-06-26,7,1,6,0.75
2023-06-27,9,1,8,0.8
2023-06-28,1,3,-2,-0.5
2023-06-29,3,1,2,0.5
2023-06-30,8,6,2,0.14285714285714285
2023-07-01,3,0,3,1.0
2023-07-02,6,2,4,0.5
2023-07-03,9,3,6,0.5
2023-07-04,2,0,2,1.0
2023-07-05,4,2,2,0.3333333333333333
2023-07-06,12,0,12,1.0
2023-07-07,7,7,0,0.0
2023-07-08,1,2,-1,-0.3333333333333333
2023-07-09,1,0,1,1.0
2023-07-10,9,3,6,0.5
2023-07-11,5,1,4,0.6666666666666666
2023-07-12,8,0,8,1.0
2023-07-13,9,4,5,0.38461538461538464
2023-07-14,6,3,3,0.3333333333333333
2023-07-15,2,0,2,1.0
2023-07-16,1,2,-1,-0.3333333333333333
2023-07-17,10,5,5,0.3333333333333333
2023-07-18,5,4,1,0.1111111111111111
2023-07-19,8,1,7,0.7777777777777778
2023-07-20,3,3,0,0.0
2023-07-21,4,4,0,0.0
2023-07-22,4,0,4,1.0
2023-07-23,4,0,4,1.0
2023-07-24,1,3,-2,-0.5
2023-07-25,8,2,6,0.6
2023-07-26,3,3,0,0.0
2023-07-27,5,2,3,0.42857142857142855
2023-07-28,3,1,2,0.5
2023-07-29,2,1,1,0.3333333333333333
2023-07-30,1,2,-1,-0.3333333333333333
2023-07-31,13,3,10,0.625
2023-08-01,3,5,-2,-0.25
2023-08-02,3,5,-2,-0.25
2023-08-03,5,3,2,0.25
2023-08-04,5,1,4,0.6666666666666666
2023-08-05,3,2,1,0.2
2023-08-06,3,1,2,0.5
2023-08-07,7,5,2,0.16666666666666666
2023-08-08,6,1,5,0.7142857142857143
2023-08-09,2,1,1,0.3333333333333333
2023-08-10,4,2,2,0.3333333333333333
2023-08-11,6,4,2,0.2
2023-08-12,6,2,4,0.5
2023-08-13,3,1,2,0.5
2023-08-14,6,3,3,0.3333333333333333
2023-08-15,5,1,4,0.6666666666666666
2023-08-16,9,4,5,0.38461538461538464
2023-08-17,8,9,-1,-0.058823529411764705
2023-08-18,2,9,-7,-0.6363636363636364
2023-08-19,1,3,-2,-0.5
2023-08-20,5,2,3,0.42857142857142855
2023-08-21,6,2,4,0.5
2023-08-22,5,2,3,0.42857142857142855
2023-08-23,2,2,0,0.0
2023-08-24,11,0,11,1.0
2023-08-25,2,2,0,0.0
2023-08-26,2,0,2,1.0
2023-08-27,4,0,4,1.0
2023-08-28,5,3,2,0.25
2023-08-29,6,3,3,0.3333333333333333
2023-08-30,13,3,10,0.625
2023-08-31,6,2,4,0.5
2023-09-01,4,8,-4,-0.3333333333333333
2023-09-02,1,3,-2,-0.5
2023-09-03,0,1,-1,-1.0
2023-09-04,5,2,3,0.42857142857142855
2023-09-05,4,2,2,0.3333333333333333
2023-09-06,7,2,5,0.5555555555555556
2023-09-07,1,4,-3,-0.6
2023-09-08,10,3,7,0.5384615384615384
2023-09-09,0,2,-2,-1.0
2023-09-10,2,1,1,0.3333333333333333
2023-09-11,4,9,-5,-0.38461538461538464
2023-09-12,7,2,5,0.5555555555555556
2023-09-13,6,2,4,0.5
2023-09-14,9,2,7,0.6363636363636364
2023-09-15,12,3,9,0.6
2023-09-16,8,0,8,1.0
2023-09-17,2,0,2,1.0
2023-09-18,15,0,15,1.0
2023-09-19,6,1,5,0.7142857142857143
2023-09-20,9,3,6,0.5
2023-09-21,13,4,9,0.5294117647058824
2023-09-22,5,6,-1,-0.09090909090909091
2023-09-23,2,1,1,0.3333333333333333
2023-09-24,2,2,0,0.0
2023-09-25,7,7,0,0.0
2023-09-26,11,5,6,0.375
2023-09-27,10,2,8,0.6666666666666666
2023-09-28,15,2,13,0.7647058823529411
2023-09-29,12,1,11,0.8461538461538461
2023-09-30,9,2,7,0.6363636363636364
2023-10-01,9,2,7,0.6363636363636364
2023-10-02,14,3,11,0.6470588235294118
2023-10-03,10,8,2,0.1111111111111111
2023-10-04,12,5,7,0.4117647058823529
2023-10-05,12,2,10,0.7142857142857143
2023-10-06,9,4,5,0.38461538461538464
2023-10-07,7,3,4,0.4
2023-10-08,4,1,3,0.6
2023-10-09,6,7,-1,-0.07692307692307693
2023-10-10,5,4,1,0.1111111111111111
2023-10-11,8,7,1,0.06666666666666667
2023-10-12,4,5,-1,-0.1111111111111111
2023-10-13,8,5,3,0.23076923076923078
2023-10-14,4,1,3,0.6
2023-10-15,4,0,4,1.0
2023-10-16,20,3,17,0.7391304347826086
2023-10-17,9,2,7,0.6363636363636364
2023-10-18,16,5,11,0.5238095238095238
2023-10-19,11,7,4,0.2222222222222222
2023-10-20,16,0,16,1.0
2023-10-21,10,3,7,0.5384615384615384
2023-10-22,9,3,6,0.5
2023-10-23,20,2,18,0.8181818181818182
2023-10-24,9,4,5,0.38461538461538464
2023-10-25,11,6,5,0.29411764705882354
2023-10-26,16,0,16,1.0
2023-10-27,11,3,8,0.5714285714285714
2023-10-28,12,3,9,0.6
2023-10-29,11,0,11,1.0
2023-10-30,16,1,15,0.8823529411764706
2023-10-31,15,5,10,0.5
2023-11-01,14,3,11,0.6470588235294118
2023-11-02,19,3,16,0.7272727272727273
2023-11-03,11,8,3,0.15789473684210525
2023-11-04,10,1,9,0.8181818181818182
2023-11-05,5,3,2,0.25
2023-11-06,14,6,8,0.4
2023-11-07,13,8,5,0.23809523809523808
2023-11-08,18,3,15,0.7142857142857143
2023-11-09,16,2,14,0.7777777777777778
2023-11-10,11,5,6,0.375
2023-11-11,9,0,9,1.0
2023-11-12,13,2,11,0.7333333333333333
2023-11-13,18,4,14,0.6363636363636364
2023-11-14,11,7,4,0.2222222222222222
2023-11-15,13,10,3,0.13043478260869565
2023-11-16,36,3,33,0.8461538461538461
2023-11-17,27,10,17,0.4594594594594595
2023-11-18,10,1,9,0.8181818181818182
2023-11-19,8,0,8,1.0
2023-11-20,23,1,22,0.9166666666666666
2023-11-21,19,2,17,0.8095238095238095
2023-11-22,24,6,18,0.6
2023-11-23,19,5,14,0.5833333333333334
2023-11-24,14,3,11,0.6470588235294118
2023-11-25,8,1,7,0.7777777777777778
2023-11-26,7,1,6,0.75
2023-11-27,19,14,5,0.15151515151515152
2023-11-28,33,9,24,0.5714285714285714
2023-11-29,37,6,31,0.7209302325581395
2023-11-30,26,7,19,0.5757575757575758
2023-12-01,31,7,24,0.631578947368421
2023-12-02,19,3,16,0.7272727272727273
2023-12-03,18,1,17,0.8947368421052632
2023-12-04,47,3,44,0.88
2023-12-05,53,6,47,0.7966101694915254
2023-12-06,89,12,77,0.7623762376237624
2023-12-07,158,34,124,0.6458333333333334
2023-12-08,12,8,4,0.2
2023-12-09,9,0,9,1.0
2023-12-10,3,1,2,0.5
2023-12-11,4,3,1,0.14285714285714285
2023-12-12,7,5,2,0.16666666666666666
2023-12-13,10,1,9,0.8181818181818182
2023-12-14,11,1,10,0.8333333333333334
2023-12-15,3,4,-1,-0.14285714285714285
2023-12-16,3,0,3,1.0
2023-12-17,2,0,2,1.0
2023-12-18,4,5,-1,-0.1111111111111111
2023-12-19,6,1,5,0.7142857142857143
2023-12-20,7,1,6,0.75
2023-12-21,9,0,9,1.0
2023-12-22,5,1,4,0.6666666666666666
2023-12-23,1,3,-2,-0.5
2023-12-24,1,0,1,1.0
2023-12-25,6,1,5,0.7142857142857143
2023-12-26,4,3,1,0.14285714285714285
2023-12-27,7,3,4,0.4
2023-12-28,16,2,14,0.7777777777777778
2023-12-29,6,2,4,0.5
2023-12-30,6,4,2,0.2
2023-12-31,1,1,0,0.0
2024-01-01,8,3,5,0.45454545454545453
2024-01-02,9,1,8,0.8
2024-01-03,9,6,3,0.2
2024-01-04,6,1,5,0.7142857142857143
2024-01-05,10,2,8,0.6666666666666666
2024-01-06,6,0,6,1.0
2024-01-07,5,1,4,0.6666666666666666
2024-01-08,5,2,3,0.42857142857142855
2024-01-09,9,3,6,0.5
2024-01-10,18,10,8,0.2857142857142857
2024-01-11,20,3,17,0.7391304347826086
2024-01-12,8,10,-2,-0.1111111111111111
2024-01-13,3,3,0,0.0
2024-01-14,1,6,-5,-0.7142857142857143
2024-01-15,6,1,5,0.7142857142857143
2024-01-16,7,1,6,0.75
2024-01-17,7,6,1,0.07692307692307693
2024-01-18,9,9,0,0.0
2024-01-19,5,6,-1,-0.09090909090909091
2024-01-20,10,2,8,0.6666666666666666
2024-01-21,7,2,5,0.5555555555555556
2024-01-22,12,9,3,0.14285714285714285
2024-01-23,18,18,0,0.0
2024-01-24,28,13,15,0.36585365853658536
2024-01-25,16,7,9,0.391304347826087
2024-01-26,25,15,10,0.25
2024-01-27,9,1,8,0.8
2024-01-28,14,5,9,0.47368421052631576
2024-01-29,19,6,13,0.52
2024-01-30,25,9,16,0.47058823529411764
2024-01-31,19,7,12,0.46153846153846156
2024-02-01,16,5,11,0.5238095238095238
2024-02-02,9,4,5,0.38461538461538464
2024-02-03,7,3,4,0.4
2024-02-04,4,5,-1,-0.1111111111111111
2024-02-05,19,1,18,0.9
2024-02-06,14,8,6,0.2727272727272727
2024-02-07,17,4,13,0.6190476190476191
2024-02-08,15,0,15,1.0
2024-02-09,17,1,16,0.8888888888888888
2024-02-10,10,0,10,1.0
2024-02-11,5,1,4,0.6666666666666666
2024-02-12,15,1,14,0.875
2024-02-13,21,2,19,0.8260869565217391
2024-02-14,21,5,16,0.6153846153846154
2024-02-15,20,2,18,0.8181818181818182
2024-02-16,16,5,11,0.5238095238095238
2024-02-17,7,6,1,0.07692307692307693
2024-02-18,8,2,6,0.6
2024-02-19,17,2,15,0.7894736842105263
2024-02-20,19,3,16,0.7272727272727273
2024-02-21,11,5,6,0.375
2024-02-22,13,6,7,0.3684210526315789
2024-02-23,16,5,11,0.5238095238095238
2024-02-24,11,2,9,0.6923076923076923
2024-02-25,7,1,6,0.75
2024-02-26,18,4,14,0.6363636363636364
2024-02-27,34,4,30,0.7894736842105263
2024-02-28,28,4,24,0.75
2024-02-29,25,5,20,0.6666666666666666
2024-03-01,15,5,10,0.5
2024-03-02,8,0,8,1.0
2024-03-03,5,1,4,0.6666666666666666
2024-03-04,21,0,21,1.0
2024-03-05,22,9,13,0.41935483870967744
2024-03-06,20,10,10,0.3333333333333333
2024-03-07,14,1,13,0.8666666666666667
2024-03-08,15,1,14,0.875
2024-03-09,7,0,7,1.0
2024-03-10,10,1,9,0.8181818181818182
2024-03-11,30,0,30,1.0
2024-03-12,15,2,13,0.7647058823529411
2024-03-13,16,6,10,0.45454545454545453
2024-03-14,11,6,5,0.29411764705882354
2024-03-15,6,13,-7,-0.3684210526315789
2024-03-16,9,1,8,0.8
2024-03-17,6,1,5,0.7142857142857143
2024-03-18,14,2,12,0.75
2024-03-19,10,10,0,0.0
2024-03-20,12,9,3,0.14285714285714285
2024-03-21,13,4,9,0.5294117647058824
2024-03-22,17,8,9,0.36
2024-03-23,7,1,6,0.75
2024-03-24,3,1,2,0.5
2024-03-25,27,1,26,0.9285714285714286
2024-03-26,25,3,22,0.7857142857142857
2024-03-27,18,6,12,0.5
2024-03-28,25,1,24,0.9230769230769231
2024-03-29,8,1,7,0.7777777777777778
2024-03-30,4,1,3,0.6
2024-03-31,4,0,4,1.0
2024-04-01,15,4,11,0.5789473684210527
2024-04-02,14,8,6,0.2727272727272727
2024-04-03,25,17,8,0.19047619047619047
2024-04-04,23,7,16,0.5333333333333333
2024-04-05,16,3,13,0.6842105263157895
2024-04-06,7,0,7,1.0
2024-04-07,10,2,8,0.6666666666666666
2024-04-08,22,2,20,0.8333333333333334
2024-04-09,17,3,14,0.7
2024-04-10,14,13,1,0.037037037037037035
2024-04-11,24,3,21,0.7777777777777778
2024-04-12,15,6,9,0.42857142857142855
2024-04-13,3,1,2,0.5
2024-04-14,4,2,2,0.3333333333333333
2024-04-15,25,7,18,0.5625
2024-04-16,14,11,3,0.12
2024-04-17,18,5,13,0.5652173913043478
2024-04-18,18,4,14,0.6363636363636364
2024-04-19,17,6,11,0.4782608695652174
2024-04-20,11,1,10,0.8333333333333334
2024-04-21,10,1,9,0.8181818181818182
2024-04-22,24,4,20,0.7142857142857143
2024-04-23,17,5,12,0.5454545454545454
2024-04-24,25,3,22,0.7857142857142857
2024-04-25,12,15,-3,-0.1111111111111111
2024-04-26,18,8,10,0.38461538461538464
2024-04-27,10,4,6,0.42857142857142855
2024-04-28,7,0,7,1.0
2024-04-29,19,9,10,0.35714285714285715
2024-04-30,20,10,10,0.3333333333333333
2024-05-01,10,16,-6,-0.23076923076923078
2024-05-02,10,12,-2,-0.09090909090909091
2024-05-03,21,11,10,0.3125
2024-05-04,6,2,4,0.5
2024-05-05,9,2,7,0.6363636363636364
2024-05-06,16,5,11,0.5238095238095238
2024-05-07,21,2,19,0.8260869565217391
2024-05-08,14,9,5,0.21739130434782608
2024-05-09,14,7,7,0.3333333333333333
2024-05-10,23,9,14,0.4375
2024-05-11,6,3,3,0.3333333333333333
2024-05-12,4,3,1,0.14285714285714285
2024-05-13,20,6,14,0.5384615384615384
2024-05-14,15,5,10,0.5
2024-05-15,25,5,20,0.6666666666666666
2024-05-16,15,6,9,0.42857142857142855
2024-05-17,23,2,21,0.84
2024-05-18,10,3,7,0.5384615384615384
2024-05-19,11,1,10,0.8333333333333334
2024-05-20,27,2,25,0.8620689655172413
2024-05-21,29,3,26,0.8125
2024-05-22,20,3,17,0.7391304347826086
2024-05-23,29,5,24,0.7058823529411765
2024-05-24,13,7,6,0.3
2024-05-25,11,3,8,0.5714285714285714
2024-05-26,8,1,7,0.7777777777777778
2024-05-27,28,1,27,0.9310344827586207
2024-05-28,13,4,9,0.5294117647058824
2024-05-29,29,1,28,0.9333333333333333
2024-05-30,19,2,17,0.8095238095238095
2024-05-31,21,5,16,0.6153846153846154
2024-06-01,5,5,0,0.0
2024-06-02,15,3,12,0.6666666666666666
2024-06-03,16,4,12,0.6
2024-06-04,31,3,28,0.8235294117647058
2024-06-05,31,3,28,0.8235294117647058
2024-06-06,20,7,13,0.48148148148148145
2024-06-07,22,6,16,0.5714285714285714
2024-06-08,8,4,4,0.3333333333333333
2024-06-09,6,0,6,1.0
2024-06-10,20,6,14,0.5384615384615384
2024-06-11,20,6,14,0.5384615384615384
2024-06-12,25,6,19,0.6129032258064516
2024-06-13,10,9,1,0.05263157894736842
2024-06-14,19,17,2,0.05555555555555555
2024-06-15,14,5,9,0.47368421052631576
2024-06-16,18,3,15,0.7142857142857143
2024-06-17,19,10,9,0.3103448275862069
2024-06-18,24,22,2,0.043478260869565216
2024-06-19,26,6,20,0.625
2024-06-20,30,9,21,0.5384615384615384
2024-06-21,27,10,17,0.4594594594594595
2024-06-22,15,7,8,0.36363636363636365
2024-06-23,7,3,4,0.4
2024-06-24,29,21,8,0.16
2024-06-25,31,16,15,0.3191489361702128
2024-06-26,24,11,13,0.37142857142857144
2024-06-27,25,10,15,0.42857142857142855
2024-06-28,26,12,14,0.3684210526315789
2024-06-29,22,2,20,0.8333333333333334
2024-06-30,8,2,6,0.6
2024-07-01,27,9,18,0.5
2024-07-02,28,8,20,0.5555555555555556
2024-07-03,31,16,15,0.3191489361702128
2024-07-04,29,19,10,0.20833333333333334
2024-07-05,38,37,1,0.013333333333333334
2024-07-06,22,13,9,0.2571428571428571
2024-07-07,15,3,12,0.6666666666666666
2024-07-08,35,24,11,0.1864406779661017
2024-07-09,39,11,28,0.56
2024-07-10,74,10,64,0.7619047619047619
2024-07-11,98,42,56,0.4
2024-07-12,44,21,23,0.35384615384615387
2024-07-13,10,3,7,0.5384615384615384
2024-07-14,12,0,12,1.0
2024-07-15,13,3,10,0.625
2024-07-16,32,3,29,0.8285714285714286
2024-07-17,22,7,15,0.5172413793103449
2024-07-18,21,7,14,0.5
2024-07-19,17,6,11,0.4782608695652174
2024-07-20,13,3,10,0.625
2024-07-21,10,2,8,0.6666666666666666
2024-07-22,17,3,14,0.7
2024-07-23,27,8,19,0.5428571428571428
2024-07-24,26,8,18,0.5294117647058824
2024-07-25,18,8,10,0.38461538461538464
2024-07-26,24,3,21,0.7777777777777778
2024-07-27,19,1,18,0.9
2024-07-28,12,0,12,1.0
2024-07-29,20,3,17,0.7391304347826086
2024-07-30,16,7,9,0.391304347826087
2024-07-31,13,6,7,0.3684210526315789
2024-08-01,13,11,2,0.08333333333333333
2024-08-02,16,9,7,0.28
2024-08-03,2,0,2,1.0
2024-08-04,6,5,1,0.09090909090909091
2024-08-05,9,14,-5,-0.21739130434782608
2024-08-06,20,6,14,0.5384615384615384
2024-08-07,19,3,16,0.7272727272727273
2024-08-08,21,7,14,0.5
2024-08-09,14,1,13,0.8666666666666667
2024-08-10,4,5,-1,-0.1111111111111111
2024-08-11,10,3,7,0.5384615384615384
2024-08-12,11,10,1,0.047619047619047616
2024-08-13,23,2,21,0.84
2024-08-14,35,3,32,0.8421052631578947
2024-08-15,18,5,13,0.5652173913043478
2024-08-16,16,8,8,0.3333333333333333
2024-08-17,9,4,5,0.38461538461538464
2024-08-18,7,1,6,0.75
2024-08-19,18,6,12,0.5
2024-08-20,24,3,21,0.7777777777777778
2024-08-21,18,9,9,0.3333333333333333
2024-08-22,18,2,16,0.8
2024-08-23,29,9,20,0.5263157894736842
2024-08-24,17,2,15,0.7894736842105263
2024-08-25,9,2,7,0.6363636363636364
2024-08-26,28,5,23,0.696969696969697
2024-08-27,13,5,8,0.4444444444444444
2024-08-28,21,15,6,0.16666666666666666
2024-08-29,18,7,11,0.44
2024-08-30,39,16,23,0.41818181818181815
2024-08-31,26,10,16,0.4444444444444444
2024-09-01,15,17,-2,-0.0625
2024-09-02,24,21,3,0.06666666666666667
2024-09-03,27,9,18,0.5
2024-09-04,34,19,15,0.2830188679245283
2024-09-05,32,12,20,0.45454545454545453
2024-09-06,33,15,18,0.375
2024-09-07,25,7,18,0.5625
2024-09-08,27,3,24,0.8
2024-09-09,31,4,27,0.7714285714285715
2024-09-10,21,4,17,0.68
2024-09-11,30,15,15,0.3333333333333333
2024-09-12,45,9,36,0.6666666666666666
2024-09-13,25,13,12,0.3157894736842105
2024-09-14,15,5,10,0.5
2024-09-15,13,3,10,0.625
2024-09-16,23,16,7,0.1794871794871795
2024-09-17,45,8,37,0.6981132075471698
2024-09-18,38,7,31,0.6888888888888889
2024-09-19,51,9,42,0.7
2024-09-20,45,9,36,0.6666666666666666
2024-09-21,34,6,28,0.7
2024-09-22,22,2,20,0.8333333333333334
2024-09-23,139,14,125,0.8169934640522876
2024-09-24,12,3,9,0.6
2024-09-25,9,3,6,0.5
2024-09-26,11,2,9,0.6923076923076923
2024-09-27,13,2,11,0.7333333333333333
2024-09-28,6,1,5,0.7142857142857143
2024-09-29,9,2,7,0.6363636363636364
2024-09-30,13,5,8,0.4444444444444444
2024-10-01,4,1,3,0.6
2024-10-02,3,9,-6,-0.5
2024-10-03,2,5,-3,-0.42857142857142855
2024-10-04,7,3,4,0.4
2024-10-05,5,3,2,0.25
2024-10-06,5,2,3,0.42857142857142855
2024-10-07,15,2,13,0.7647058823529411
2024-10-08,13,3,10,0.625
2024-10-09,11,5,6,0.375
2024-10-10,5,2,3,0.42857142857142855
2024-10-11,4,1,3,0.6
2024-10-12,2,1,1,0.3333333333333333
2024-10-13,6,2,4,0.5
2024-10-14,10,1,9,0.8181818181818182
2024-10-15,12,0,12,1.0
2024-10-16,15,5,10,0.5
2024-10-17,25,2,23,0.8518518518518519
2024-10-18,14,4,10,0.5555555555555556
2024-10-19,5,3,2,0.25
2024-10-20,3,1,2,0.5
2024-10-21,16,3,13,0.6842105263157895
2024-10-22,14,3,11,0.6470588235294118
2024-10-23,13,6,7,0.3684210526315789
2024-10-24,14,3,11,0.6470588235294118
2024-10-25,12,2,10,0.7142857142857143
2024-10-26,3,0,3,1.0
2024-10-27,1,3,-2,-0.5
2024-10-28,14,5,9,0.47368421052631576
2024-10-29,16,3,13,0.6842105263157895
2024-10-30,16,3,13,0.6842105263157895
2024-10-31,13,3,10,0.625
2024-11-01,3,1,2,0.5
2024-11-02,2,1,1,0.3333333333333333
2024-11-03,3,0,3,1.0
2024-11-04,12,2,10,0.7142857142857143
2024-11-05,9,4,5,0.38461538461538464
2024-11-06,16,6,10,0.45454545454545453
2024-11-07,19,1,18,0.9
2024-11-08,18,1,17,0.8947368421052632
2024-11-09,7,2,5,0.5555555555555556
2024-11-10,6,0,6,1.0
2024-11-11,25,3,22,0.7857142857142857
2024-11-12,24,2,22,0.8461538461538461
2024-11-13,15,2,13,0.7647058823529411
2024-11-14,8,0,8,1.0
2024-11-15,8,4,4,0.3333333333333333
2024-11-16,12,1,11,0.8461538461538461
2024-11-17,9,2,7,0.6363636363636364
2024-11-18,15,2,13,0.7647058823529411
2024-11-19,17,6,11,0.4782608695652174
2024-11-20,18,8,10,0.38461538461538464
2024-11-21,17,2,15,0.7894736842105263
2024-11-22,14,0,14,1.0
2024-11-23,13,3,10,0.625
2024-11-24,9,2,7,0.6363636363636364
2024-11-25,31,10,21,0.5121951219512195
2024-11-26,22,7,15,0.5172413793103449
2024-11-27,20,5,15,0.6
2024-11-28,21,2,19,0.8260869565217391
2024-11-29,24,4,20,0.7142857142857143
2024-11-30,9,0,9,1.0
2024-12-01,5,2,3,0.42857142857142855
2024-12-02,20,5,15,0.6
2024-12-03,18,6,12,0.5
2024-12-04,23,2,21,0.84
2024-12-05,29,5,24,0.7058823529411765
2024-12-06,19,2,17,0.8095238095238095
2024-12-07,9,1,8,0.8
2024-12-08,7,0,7,1.0
2024-12-09,15,0,15,1.0
2024-12-10,18,11,7,0.2413793103448276
2024-12-11,21,3,18,0.75
2024-12-12,34,2,32,0.8888888888888888
2024-12-13,26,6,20,0.625
2024-12-14,10,6,4,0.25
2024-12-15,7,0,7,1.0
2024-12-16,33,1,32,0.9411764705882353
2024-12-17,29,3,26,0.8125
2024-12-18,31,11,20,0.47619047619047616
2024-12-19,12,13,-1,-0.04
2024-12-20,26,6,20,0.625
2024-12-21,8,3,5,0.45454545454545453
2024-12-22,5,2,3,0.42857142857142855
2024-12-23,14,5,9,0.47368421052631576
2024-12-24,17,6,11,0.4782608695652174
2024-12-25,14,4,10,0.5555555555555556
2024-12-26,12,0,12,1.0
2024-12-27,13,5,8,0.4444444444444444
2024-12-28,8,5,3,0.23076923076923078
2024-12-29,7,3,4,0.4
2024-12-30,16,8,8,0.3333333333333333
2024-12-31,19,9,10,0.35714285714285715
2025-01-01,0,0,0,NaN
2025-01-02,0,0,0,NaN
2025-01-03,0,0,0,NaN
2025-01-04,0,0,0,NaN
2025-01-05,0,0,0,NaN
2025-01-06,0,0,0,NaN
2025-01-07,0,0,0,NaN
